,Date_Created,Name,Unnamed: 0,X,Y,Z
test,test,test,,1000,2000,3000
test,test,test,,1000,2000,3000
test,test,test,,1000,2000,3000
test,test,test,,1000,2000,3000
test,test,test,,1000,2000,3000
test,test,test,,1000,2000,3000
test,test,test,,1000,2000,3000
test,test,test,,1000,2000,3000
test,test,test,,1000,2000,3000
test,test,test,,1000,2000,3000
test,test,test,,1000,2000,3000
test,test,test,,1000,2000,3000
test,test,test,,1000,2000,3000
test,test,test,,1000,2000,3000
test,test,test,,1000,2000,3000
test,test,test,,1000,2000,3000
test,test,test,,1000,2000,3000
test,test,test,,1000,2000,3000
test,test,test,,1000,2000,3000
test,test,test,,1000,2000,3000
test,test,test,,1000,2000,3000
test,test,test,,1000,2000,3000
test,test,test,,1000,2000,3000
test,test,test,,1000,2000,3000
test,test,test,,1000,2000,3000
test,test,test,,1000,2000,3000
